HD	RAJ2000	DEJ2000	Mag	Name	Constellation	Bayer
18622	02 58 15.72	-40 18 17.0	 2.88	Acamar	Eridanus	theta
10144	01 37 42.75	-57 14 12.0	 0.45	Achernar	Eridanus	alpha
4614	00 49 05.10	+57 48 59.6	 3.46	Achird	Cassiopeia	eta
108248	12 26 35.94	-63 05 56.6	 0.77	Acrux	Crux	alpha
76756	08 58 29.20	+11 51 28.0	 4.26	Acubens	Cancer	alpha
52089	06 58 37.55	-28 58 19.5	 1.50	Adara	Canis Major	epsilon
89025	10 16 41.40	+23 25 02.4	 3.43	Adhafera	Leo	dzeta
8207	01 22 20.39	+45 31 43.5	 4.87	Adhil	Andromeda	xi
28305	04 28 36.93	+19 10 49.9	 3.53	Ain	Taurus	epsilon
174974	18 54 10.18	-22 44 41.4	 4.86	Ain al Rami	Sagittarius	nu
18623	02 58 16.30	-40 18 16.0	 4.35	Akamar	Eridanus	theta
144217	16 05 26.23	-19 48 19.4	 2.56	Akrab	Scorpius	beta
108249	12 26 36.50	-63 05 58.0	 1.73	Akruks	Crux	alpha
31964	05 01 58.13	+43 49 23.9	 3.03	Al Anz; Almaaz	Auriga	epsilon
213798	22 29 52.97	+78 49 27.6	 5.45	Al Kalb al Rai	Cepheus	rho
81146	09 24 39.28	+26 10 56.8	 4.47	Al Minliar al Asad	Leo	kappa
73471	08 38 45.45	+03 20 29.3	 4.45	Al Minliar al Shuja; Minchir	Hydra	sigma
207971	21 53 55.65	-37 21 53.4	 3.00	Al'danab	Grus	gamma
87737	10 07 19.95	+16 45 45.6	 3.48	Al'dzhabkhakh	Leo	eta
81797	09 27 35.25	-08 39 31.3	 1.99	Al'fard	Hydra	alpha
9270	01 31 28.99	+15 20 45.0	 3.62	Al'farg	Pisces	eta
12447	02 02 02.80	+02 45 49.0	 4.33	Al'risha; Okda	Pisces	alpha
12446	02 02 02.80	+02 45 49.5	 3.82	Al'risha; Okda; Kantajn; Resha	Pisces	alpha
180163	19 13 45.49	+39 08 45.5	 4.43	Aladfar	Lyra	eta
12533	02 03 53.92	+42 19 47.5	 2.10	Alamak	Andromeda	gamma
169702	18 24 13.80	+39 30 26.1	 5.11	Alathfar; Al Athfar	Lyra	mu
178524	19 09 45.83	-21 01 24.7	 2.88	Albaldah; Al Baldah	Sagittarius	pi
198001	20 47 40.53	-09 29 44.5	 3.78	Albali	Aquarius	epsilon
183912	19 30 43.29	+27 57 34.9	 3.05	Albireo	Cygnus	beta
105452	12 08 24.75	-24 43 43.6	 4.02	Alchita	Corvus	alpha
116842	13 25 13.42	+54 59 16.8	 3.99	Alcor	Ursa Major	80
23630	03 47 29.06	+24 06 18.9	 2.85	Alcyone	Taurus	eta
29139	04 35 55.20	+16 30 35.1	 0.87	Aldebaran	Taurus	alpha
203280	21 18 34.58	+62 35 07.6	 2.45	Alderamin	Cepheus	alpha
180711	19 12 33.15	+67 39 40.7	 3.07	Aldib	Draco	delta
178253	19 09 28.28	-37 54 15.3	 4.11	Alfecca Meridiana	Corona Australis	alpha
192947	20 18 03.22	-12 32 41.5	 3.58	Algedi	Capricornus	alpha
886	00 13 14.15	+15 11 01.0	 2.83	Algenib	Pegasus	gamma
89484	10 19 58.16	+19 50 30.7	 2.01	Algieba	Leo	gamma
19356	03 08 10.13	+40 57 20.3	 2.09	Algol	Perseus	beta
108767	12 29 51.98	-16 30 54.3	 2.94	Algorab	Corvus	delta
47105	06 37 42.70	+16 23 57.9	 1.93	Alhena	Gemini	gamma
112185	12 54 01.63	+55 57 35.4	 1.76	Alioth	Ursa Major	epsilon
137391	15 24 29.54	+37 22 37.1	 4.31	Alkalurops	Bootes	mu
102224	11 46 03.13	+47 46 45.6	 3.69	Alkaphrah; El Koprah	Ursa Major	chi
95272	10 59 46.75	-18 17 56.8	 4.08	Alkes	Crater	alpha
209790	22 03 47.16	+64 37 39.9	 4.26	Alkurhah; Al Kirdah; Kurhah	Cepheus	xi
209952	22 08 13.88	-46 57 38.2	 1.73	Alnair	Grus	alpha
37128	05 36 12.81	-01 12 06.9	 1.69	Alnilam	Orion	epsilon
37742	05 40 45.52	-01 56 33.3	 1.74	Alnitak	Orion	dzeta
147165	16 21 11.32	-25 35 33.9	 2.90	Alniyat; Al Niyat	Scorpius	sigma
149438	16 35 52.96	-28 12 57.5	 2.82	Alniyat; Al Niyat	Scorpius	tau
358	00 08 23.17	+29 05 27.0	 2.07	Alpheratz	Andromeda	alpha
205021	21 28 39.58	+70 33 38.5	 3.23	Alphirk	Cepheus	beta
185144	19 32 20.59	+69 39 55.4	 4.67	Alsafi; Athafi	Draco	sigma
70272	08 22 50.13	+43 11 18.1	 4.25	Alsciaukat; Mabsuthat	Lynx	31
188512	19 55 18.77	+06 24 28.6	 3.71	Alshain	Aquila	beta
193432	20 20 39.81	-12 45 32.6	 4.77	Alshat	Capricornus	nu
78647	09 07 59.78	-43 25 57.4	 2.23	Alsuhail	Vela	lambda
187642	19 50 46.68	+08 52 02.6	 0.76	Altair	Aquila	alpha
82308	09 31 43.24	+22 58 05.0	 4.32	Alterf	Leo	lambda
58350	07 24 05.71	-29 18 11.2	 2.45	Aludra	Canis Major	eta
98230	11 18 11.24	+31 31 50.8	 3.79	Alula Australe	Ursa Major	xi
98231	11 18 11.00	+31 31 45.0	 4.41	Alula Australis	Ursa Major	xi
98262	11 18 28.76	+33 05 39.3	 3.49	Alula Borealis	Ursa Major	nu
175638	18 56 13.16	+04 12 12.7	 4.62	Alya	Serpens	theta
48737	06 45 17.43	+12 53 45.8	 3.35	Alzirr	Gemini	xi
211391	22 16 49.97	-07 46 59.7	 4.17	Ancha	Aquarius	theta
17824	02 51 02.35	-21 00 14.3	 4.76	Angetenar; Al Anchat al Nahr; Anchat	Eridanus	tau
2261	00 26 16.87	-42 18 18.4	 2.40	Ankaa	Phoenix	alpha
183439	19 28 42.41	+24 39 54.6	 4.44	Anser	Vulpecula	alpha
148478	16 29 24.47	-26 25 55.0	 1.06	Antares	Scorpius	alpha
124897	14 15 40.35	+19 11 14.2	-0.05	Arcturus	Bootes	alpha
181454	19 22 38.29	-44 27 32.1	 3.96	Arkab	Sagittarius	beta
181623	19 23 13.06	-44 47 58.7	 4.27	Arkab Posterior	Sagittarius	beta
200499	21 04 24.32	-19 51 17.8	 4.82	Arm	Capricornus	eta
36673	05 32 43.81	-17 49 20.3	 2.58	Arneb	Lepus	alpha
154905	17 05 20.18	+54 28 11.5	 4.91	Arrakis	Draco	mu
154906	17 05 19.70	+54 28 13.0	 5.80	Arrakis; Errakis; Al Rakis; El Rakis	Draco	mu
74442	08 44 41.11	+18 09 17.5	 3.94	Asellus Australis	Cancer	delta
74198	08 43 17.21	+21 28 06.9	 4.66	Asellus Borealis	Cancer	gamma
126660	14 25 12.02	+51 51 06.2	 4.04	Asellus Primus	Bootes	theta
125161	14 16 10.07	+51 22 01.3	 4.75	Asellus Secondus	Bootes	iota
124675	14 13 28.95	+51 47 24.0	 4.53	Asellus Tertius	Bootes	kappa
80404	09 17 05.43	-59 16 30.9	 2.21	Aspidiske	Carina	iota
109358	12 33 45.09	+41 21 24.4	 4.24	Asterion	Canes Venatici	beta
23432	03 45 54.46	+24 33 16.6	 5.76	Asterope	Taurus	21
176687	19 02 36.72	-29 52 48.4	 2.60	Astsella	Sagittarius	dzeta
23180	03 44 19.13	+32 17 17.8	 3.84	Atik	Perseus	omicron
23850	03 49 09.73	+24 03 12.7	 3.62	Atlas	Taurus	27
112300	12 55 36.48	+03 23 51.4	 3.39	Auva	Virgo	delta
71129	08 22 30.86	-59 30 34.3	 1.86	Avior	Carina	epsilon
206672	21 42 05.66	+51 11 22.7	 4.69	Azelfafage	Cygnus	pi
18322	02 56 25.60	-08 53 51.4	 3.89	Azha	Eridanus	eta
63700	07 49 17.66	-24 51 35.2	 3.34	Azmidiske	Puppis	xi
11353	01 51 27.61	-10 20 05.8	 3.74	Baten Kaitos	Cetus	dzeta
26574	04 11 51.93	-06 50 16.0	 4.04	Beid	Eridanus	omicron
111123	12 47 43.32	-59 41 19.4	 1.25	Bekruks; Mimoza	Crux	beta
35468	05 25 07.87	+06 20 59.0	 1.64	Bellatrix	Orion	gamma
120315	13 47 32.55	+49 18 47.9	 1.85	Benetnash	Ursa Major	eta
39801	05 55 10.29	+07 24 25.3	 0.45	Betelgeuse	Orion	alpha
210418	22 10 11.82	+06 11 52.0	 3.52	Biham	Pegasus	theta
19787	03 11 37.67	+19 43 36.1	 4.35	Botein	Aries	delta
45348	06 23 57.09	-52 41 44.6	-0.62	Canopus	Carina	alpha
34029	05 16 41.30	+45 59 56.5	 0.08	Capella	Auriga	alpha
432	00 09 10.09	+59 09 00.8	 2.28	Caph	Cassiopeia	beta
11443	01 53 04.90	+29 34 45.8	 3.42	Caput Trianguli	Triangulum	alpha
139641	15 37 49.55	+40 21 11.8	 5.25	Ceginus	Bootes	phi
23288	03 44 48.20	+24 17 22.5	 5.45	Celaeno	Taurus	16
112413	12 56 01.84	+38 19 05.7	 2.89	Cor Caroli	Canes Venatici	alpha
140573	15 44 16.00	+06 25 31.9	 2.63	Cor Serpentis	Serpens	alpha
97633	11 14 14.44	+15 25 47.1	 3.33	Coxa	Leo	theta
33111	05 07 51.03	-05 05 10.5	 2.78	Cursa	Eridanus	beta
193495	20 21 00.65	-14 46 53.0	 3.05	Dabih	Capricornus	beta
197345	20 41 25.91	+45 16 49.2	 1.25	Deneb	Cygnus	alpha
1522	00 19 25.68	-08 49 25.8	 3.56	Deneb al' Shemali	Cetus	iota
207098	21 47 02.29	-16 07 35.6	 2.85	Deneb Algiedi; Scheddi	Capricornus	delta
195810	20 33 12.76	+11 18 12.0	 4.03	Deneb ehl' Del'fini	Delphinus	epsilon
176411	18 59 37.39	+15 04 06.5	 4.02	Deneb el Okab	Aquila	epsilon
177724	19 05 24.61	+13 51 49.4	 2.99	Deneb el Okab	Aquila	dzeta
4128	00 43 35.23	-17 59 12.1	 2.04	Deneb Kaitos	Cetus	beta
182640	19 25 29.75	+03 06 52.5	 3.36	Deneb Okab	Aquila	delta
188310	19 54 14.82	+08 27 41.9	 4.71	Deneb Okab	Aquila	xi
102647	11 49 03.88	+14 34 20.4	 2.14	Denebola	Leo	beta
6805	01 08 35.26	-10 10 54.9	 3.46	Dheneb; Deneb; Deneb Algenubi	Cetus	eta
114378	13 09 59.55	+17 31 44.8	 4.32	Diadem	Coma Berenices	alpha
143275	16 00 20.01	-22 37 17.8	 2.29	Dschubba	Scorpius	delta
95689	11 03 43.84	+61 45 04.0	 1.81	Dubhe	Ursa Major	alpha
162003	17 41 56.31	+72 08 58.2	 4.57	Dziban	Draco	psi
137759	15 24 55.78	+58 57 57.7	 3.29	Edasich	Draco	iota
23302	03 44 52.52	+24 06 48.4	 3.72	Ehlektra	Taurus	17
206936	21 43 30.45	+58 46 48.2	 4.23	Ehrakis	Cepheus	mu
164058	17 56 36.38	+51 29 20.2	 2.24	Ehtamin	Draco	gamma
206778	21 44 11.14	+09 52 30.0	 2.38	Enif	Pegasus	epsilon
222404	23 39 20.98	+77 37 55.1	 3.21	Errai	Cepheus	gamma
37795	05 39 38.94	-34 04 26.6	 2.65	Fakt	Columba	alpha
103287	11 53 49.74	+53 41 41.0	 2.41	Fekda	Ursa Major	gamma
216956	22 57 38.83	-29 37 18.6	 1.17	Fomalhaut	Pisces Austrinus	alpha
216956	22 57 38.83	-29 37 18.6	 1.17	Fomalhaut	Aquarius	79
93308	10 45 03.60	-59 41 03.0	 6.21	Foramen	Carina	eta
217891	23 03 52.61	+03 49 12.3	 4.48	Fum al Samakah	Pisces	beta
44402	06 20 18.79	-30 03 48.2	 3.02	Furud	Canis Major	dzeta
108903	12 31 09.93	-57 06 45.2	 1.59	Gacrux	Crux	gamma
139006	15 34 41.19	+26 42 53.7	 2.22	Gemma	Corona Borealis	alpha
100029	11 31 24.29	+69 19 52.0	 3.82	Gianfar	Draco	lambda
106625	12 15 48.47	-17 32 31.1	 2.58	Gienah	Corvus	gamma
197989	20 46 12.43	+33 58 10.0	 2.48	Gienah	Cygnus	epsilon
58715	07 27 09.07	+08 17 21.9	 2.89	Gomeisa	Canis Minor	beta
19656	03 11 17.40	+39 36 41.7	 4.61	Gorgonea Quarta	Perseus	omega
18411	02 58 45.65	+39 39 46.2	 4.68	Gorgonea Secunda	Perseus	pi
19058	03 05 10.50	+38 50 25.9	 3.32	Gorgonea Tertia	Perseus	rho
144069	16 04 21.63	-11 22 24.8	 4.16	Graffias	Scorpius	xi
144069	16 04 21.63	-11 22 24.8	 4.16	Graffias	Libra	51
144070	16 04 22.10	-11 22 23.0	 4.77	Grafias	Scorpius	xi
152334	16 54 35.11	-42 21 38.7	 3.62	Grafias	Scorpius	dzeta
163588	17 53 31.63	+56 52 20.8	 3.73	Grumium	Draco	xi
12929	02 07 10.29	+23 27 46.0	 2.01	Hamal	Aries	alpha
127762	14 32 04.76	+38 18 28.4	 3.04	Haris	Bootes	gamma
31398	04 56 59.62	+33 09 58.1	 2.69	Hassaleh	Auriga	iota
37043	05 35 25.98	-05 54 35.6	 2.75	Hatysa	Orion	iota
36861	05 35 08.28	+09 56 03.0	 3.39	Heka	Orion	lambda
118098	13 34 41.75	-00 35 45.4	 3.38	Heze	Virgo	dzeta
32068	05 02 28.68	+41 04 33.2	 3.69	Hoedus I	Auriga	dzeta
32630	05 06 30.87	+41 14 04.7	 3.18	Hoedus II	Auriga	eta
214923	22 41 27.67	+10 49 53.0	 3.41	Homam	Pegasus	dzeta
27371	04 19 47.53	+15 37 39.7	 3.65	Hyadum I	Taurus	gamma
27697	04 22 56.03	+17 32 33.3	 3.77	Hyadum II	Taurus	delta
51250	06 56 06.65	-14 02 36.4	 5.00	Isida	Canis Major	mu
129988	14 44 59.25	+27 04 27.0	 2.35	Izar	Bootes	epsilon
16970	02 43 18.12	+03 14 10.2	 3.47	Kaffaljidhma	Cetus	gamma
148112	16 25 24.93	+14 02 00.3	 4.57	Kajam	Hercules	omega
60178	07 34 36.00	+31 53 19.0	 2.88	Kastor	Gemini	alpha
60179	07 34 36.00	+31 53 18.0	 1.98	Kastor	Gemini	alpha
205637	21 37 04.82	-19 27 57.6	 4.51	Kastra	Capricornus	epsilon
169022	18 24 10.35	-34 23 03.5	 1.79	Kaus Australis	Sagittarius	epsilon
169916	18 27 58.27	-25 25 16.5	 2.82	Kaus Borealis	Sagittarius	lambda
168454	18 20 59.62	-29 49 40.9	 2.72	Kaus Meridionalis	Sagittarius	delta
26965	04 15 17.64	-07 38 40.4	 4.43	Keid; Kied	Eridanus	omicron
220061	23 20 38.22	+23 44 25.3	 4.58	Kerb	Pegasus	tau
122451	14 03 49.44	-60 22 22.7	 0.61	Khadar	Centaurus	beta
149757	16 37 09.53	-10 34 01.7	 2.54	Khan	Ophiucus	dzeta
202447	21 15 49.40	+05 14 53.1	 3.92	Kital'fa	Equuleus	alpha
125337	14 19 06.60	-13 22 16.2	 4.52	Kkhambaliya	Virgo	lambda
131873	14 50 42.40	+74 09 19.7	 2.07	Kochab	Ursa Minor	beta
148856	16 30 13.26	+21 29 22.7	 2.78	Korneforos	Hercules	beta
109379	12 34 23.23	-23 23 47.8	 2.65	Kraz	Corvus	beta
8538	01 25 48.60	+60 14 07.5	 2.66	Ksora; Rucha	Cassiopeia	delta
159541	17 32 10.42	+55 11 02.8	 4.89	Kuma	Draco	nu
159560	17 32 15.88	+55 10 22.1	 4.86	Kuma	Draco	nu
98430	11 19 20.52	-14 46 44.6	 3.56	Labr	Crater	delta
145502	16 11 59.74	-19 27 38.3	 4.00	Lesath	Scorpius	nu
158408	17 30 45.84	-37 17 44.7	 2.70	Lesath	Scorpius	upsilon
158899	17 30 44.30	+26 06 38.2	 4.41	Maasym	Hercules	lambda
23408	03 45 49.59	+24 22 04.3	 3.87	Majya	Taurus	20
177241	19 04 40.93	-21 44 28.9	 3.76	Manubrij	Sagittarius	omicron
6582	01 08 12.92	+54 55 27.2	 5.17	Marfak	Cassiopeia	mu
6961	01 11 05.93	+55 08 59.8	 4.34	Marfak	Cassiopeia	theta
148857	16 30 54.84	+01 59 02.8	 3.82	Marfic; Marfik; Marsic	Ophiucus	lambda
218045	23 04 45.62	+15 12 19.3	 2.49	Markab	Pegasus	alpha
61555	07 38 49.88	-26 48 14.0	 3.80	Markeb	Puppis	kappa
79940	09 15 45.07	-37 24 47.3	 4.63	Markeb	Vela	kappa
145001	16 08 04.55	+17 02 49.2	 5.00	Marsik	Hercules	kappa
215182	22 43 00.13	+30 13 16.7	 2.93	Matar	Pegasus	eta
48329	06 43 55.93	+25 07 52.2	 3.06	Mebsuta	Gemini	epsilon
106591	12 15 25.45	+57 01 57.4	 3.32	Megrez	Ursa Major	delta
52973	07 04 06.54	+20 34 13.1	 4.01	Mekbuda	Gemini	dzeta
129056	14 41 55.77	-47 23 17.3	 2.30	Men	Lupus	alpha
40183	05 59 31.77	+44 56 50.8	 1.90	Menkalinan	Auriga	beta
18604	02 59 42.90	+08 54 26.6	 4.71	Menkar	Cetus	lambda
18884	03 02 16.78	+04 05 23.7	 2.54	Menkar	Cetus	alpha
123139	14 06 41.32	-36 22 07.3	 2.06	Menkent	Centaurus	theta
24398	03 54 07.92	+31 53 01.2	 2.84	Menkhib	Perseus	dzeta
24912	03 58 57.90	+35 47 27.7	 3.98	Menkib	Perseus	xi
95418	11 01 50.39	+56 22 56.4	 2.34	Merak	Ursa Major	beta
130945	14 49 18.68	+46 06 59.0	 5.76	Merga	Bootes	38
23480	03 46 19.56	+23 56 54.5	 4.14	Merope	Taurus	23
11502	01 53 31.77	+19 17 38.7	 3.88	Mesarthim	Aries	gamma
11503	01 53 31.80	+19 17 45.0	 4.83	Mesartkhim	Aries	gamma
150798	16 48 39.87	-69 01 39.5	 1.91	Metallakh	Triangulum Australe	alpha
80007	09 13 12.24	-69 43 02.9	 1.67	Miaplacidus	Carina	beta
105707	12 10 07.53	-22 37 11.3	 3.02	Minkar	Corvus	epsilon
36486	05 32 00.40	-00 17 56.7	 2.25	Mintaka	Orion	delta
14386	02 19 20.79	-02 58 37.4	 6.47	Mira	Cetus	omicron
6860	01 09 43.80	+35 37 15.0	 2.07	Mirach	Andromeda	beta
129989	14 44 59.20	+27 04 27.0	 2.70	Mirach; Mizar	Bootes	epsilon
17506	02 50 41.79	+55 53 43.9	 3.77	Miram	Perseus	eta
20902	03 24 19.35	+49 51 40.5	 1.79	Mirfak	Perseus	alpha
44743	06 22 41.99	-17 57 21.3	 1.98	Mirzam	Canis Major	beta
13994	02 18 04.60	+57 30 58.8	 5.99	Misam	Perseus	chi
19476	03 09 29.63	+44 51 28.4	 3.79	Misam	Perseus	kappa
116657	13 23 56.40	+54 55 18.0	 3.95	Mitsar	Ursa Major	dzeta
116656	13 23 55.42	+54 55 31.5	 2.23	Mizar	Ursa Major	dzeta
121370	13 54 41.12	+18 23 54.9	 2.68	Mufrid	Bootes	eta
53244	07 03 45.49	-15 37 59.7	 4.11	Muliphein	Canis Major	gamma
71369	08 30 16.03	+60 43 06.4	 3.35	Muscida	Ursa Major	omicron
72905	08 39 11.74	+65 01 14.5	 5.63	Muscida	Ursa Major	pi
73108	08 40 12.90	+64 19 40.3	 4.59	Muscida	Ursa Major	pi
66811	08 03 35.07	-40 00 11.5	 2.21	Naos	Puppis	dzeta
165135	18 05 48.52	-30 25 25.1	 2.98	Nash; Nushaba	Sagittarius	gamma
206088	21 40 05.34	-16 39 44.1	 3.69	Nashira	Capricornus	gamma
35497	05 26 17.50	+28 36 28.3	 1.65	Nat	Taurus	beta
35497	05 26 17.50	+28 36 28.3	 1.65	Nat	Auriga	gamma
133208	15 01 56.79	+40 23 26.3	 3.49	Nekkar	Bootes	beta
36079	05 28 14.73	-20 45 33.2	 2.81	Nihal	Lepus	beta
155763	17 08 47.23	+65 42 52.7	 3.17	Nod	Draco	dzeta
175191	18 55 15.92	-26 17 47.7	 2.05	Nunki	Sagittarius	sigma
137909	15 27 49.85	+29 06 19.8	 3.66	Nusakan	Corona Borealis	beta
164975	18 05 01.22	-29 34 48.3	 4.66	Nushaba	Sagittarius	gamma
194636	20 27 19.20	-18 12 42.1	 5.08	Okul	Capricornus	pi
193924	20 25 38.85	-56 44 05.6	 1.94	Peacock	Pavo	alpha
137422	15 20 43.75	+71 50 02.3	 3.00	Pherkad	Ursa Minor	gamma
136726	15 17 05.88	+71 49 26.0	 5.02	Pherkad Minor	Ursa Minor	11
23862	03 49 11.20	+24 08 12.6	 5.05	Pleione	Taurus	28
8890	02 31 47.08	+89 15 50.9	 1.97	Polaris	Ursa Minor	alpha
177482	21 08 46.01	-88 57 23.4	 5.45	Polaris Australis	Octans	sigma
166937	18 13 45.81	-21 03 31.8	 3.84	Polis	Sagittarius	mu
62509	07 45 19.36	+28 01 34.7	 1.16	Pollux	Gemini	beta
110379	12 41 40.00	-01 26 58.3	 2.74	Porrima	Virgo	gamma
110380	12 41 39.60	-01 26 58.0	 3.68	Porrima	Virgo	gamma
94264	10 53 18.64	+34 12 56.0	 3.79	Praecipua	Leo Minor	46
73731	08 40 27.03	+19 32 41.4	 6.29	Prezepe	Cancer	epsilon
192876	20 17 38.86	-12 30 29.6	 4.30	Prima Giedi; Algiedi Prima; Algedi	Capricornus	alpha
135722	15 15 30.10	+33 18 54.4	 3.46	Printseps	Bootes	delta
61421	07 39 18.54	+05 13 39.0	 0.40	Procyon	Canis Minor	alpha
128621	14 39 39.39	-60 50 22.1	 1.35	Proksima Kentavra	Centaurus	alpha
41116	06 04 07.22	+23 15 49.1	 4.16	Propus	Gemini	1
42995	06 14 52.70	+22 30 24.6	 3.31	Propus	Gemini	eta
58207	07 25 43.68	+27 47 53.8	 3.78	Propus	Gemini	iota
23249	03 43 14.96	-09 45 54.7	 3.52	Rana	Eridanus	delta
156014	17 14 38.86	+14 23 24.9	 2.78	Ras Al'geti	Hercules	alpha
84441	09 45 51.10	+23 46 27.4	 2.97	Ras Elased Australis	Leo	epsilon
85503	09 52 45.96	+26 00 25.5	 3.88	Rasalas	Leo	mu
159561	17 34 56.00	+12 33 38.1	 2.08	Rasalhague	Ophiucus	alpha
159181	17 30 25.98	+52 18 04.9	 2.79	Rastaban	Draco	beta
68273	08 09 31.96	-47 20 11.8	 1.75	Regor	Vela	gamma
87901	10 08 22.46	+11 58 01.9	 1.36	Regulus	Leo	alpha
34085	05 14 32.27	-08 12 05.9	 0.18	Rigel	Orion	beta
129502	14 43 03.56	-05 39 26.7	 3.87	Rijl al Awwa	Virgo	mu
196524	20 37 32.87	+14 35 42.7	 3.64	Rotanev	Delphinus	beta
195556	20 30 03.53	+48 57 05.6	 4.94	Ruchba	Cygnus	omega
181869	19 23 53.15	-40 36 56.3	 3.96	Rukbat	Sagittarius	alpha
195774	20 31 18.81	+49 13 13.3	 5.44	Rukbat al-dajajah; Al Rukbah al Dajajah	Cygnus	omega
155125	17 10 22.66	-15 43 30.5	 2.43	Sabik	Ophiucus	eta
212061	22 21 39.30	-01 23 14.5	 3.86	Sadachbia	Aquarius	gamma
216131	22 50 00.10	+24 36 06.1	 3.51	Sadalbari	Pegasus	mu
209750	22 05 47.03	-00 19 11.4	 2.95	Sadalmelek	Aquarius	alpha
204867	21 31 33.52	-05 34 16.2	 2.90	Sadalsuud	Aquarius	beta
194093	20 22 13.70	+40 15 24.1	 2.23	Sadr	Cygnus	gamma
38771	05 47 45.39	-09 40 10.6	 2.07	Saiph	Orion	kappa
159532	17 37 19.13	-42 59 52.2	 1.86	Sargas	Scorpius	theta
156164	17 15 01.92	+24 50 22.5	 3.12	Sarin	Hercules	delta
29503	04 38 10.87	-14 18 12.9	 3.86	Sceptrum	Eridanus	53
217906	23 03 46.33	+28 04 56.8	 2.44	Scheat	Pegasus	beta
11415	01 54 23.68	+63 40 12.5	 3.35	Segin	Cassiopeia	epsilon
185758	19 40 05.78	+18 00 50.2	 4.39	Sham	Sagitta	alpha
158926	17 33 36.53	-37 06 13.5	 1.62	Shaula	Scorpius	lambda
3712	00 40 30.39	+56 32 14.7	 2.24	Shedir	Cassiopeia	alpha
174638	18 50 04.79	+33 21 45.6	 3.52	Sheliak	Lyra	beta
11636	01 54 38.35	+20 48 29.9	 2.64	Sheratan	Aries	beta
163917	17 59 01.60	-09 46 24.1	 3.32	Sinistra	Ophiucus	nu
48915	06 45 09.25	-16 42 47.3	-1.44	Sirius	Canis Major	alpha
214376	22 37 45.42	-04 13 39.9	 5.04	Situla	Aquarius	kappa
216627	22 54 39.04	-15 49 14.7	 3.27	Skat	Aquarius	delta
116658	13 25 11.60	-11 09 40.5	 0.98	Spica	Virgo	alpha
23441	03 46 02.89	+24 31 40.8	 6.43	Sterope II	Taurus	22
83808	09 41 09.12	+09 53 32.6	 3.52	Subra	Leo	omicron
176437	18 58 56.62	+32 41 22.4	 3.25	Sulafat	Lyra	gamma
196867	20 39 38.25	+15 54 43.4	 3.77	Svalocin	Delphinus	alpha
124850	14 16 00.88	-05 59 58.3	 4.07	Syrma	Virgo	iota
30652	04 49 50.14	+06 57 40.5	 3.19	Tabit	Orion	pi
23338	03 45 12.48	+24 28 02.6	 4.30	Tajgeta	Taurus	19
76644	08 59 12.84	+48 02 32.5	 3.12	Talitha	Ursa Major	iota
89758	10 22 19.80	+41 29 58.0	 3.06	Tania Australis	Ursa Major	mu
89021	10 17 05.93	+42 54 52.1	 3.45	Tania Borealis	Ursa Major	lambda
186791	19 46 15.57	+10 36 47.8	 2.72	Tarazed	Aquila	gamma
69267	08 16 30.95	+09 11 08.4	 3.53	Tarf	Cancer	beta
68257	08 12 12.70	+17 38 52.0	 6.02	Tegmen; Tegmine	Cancer	dzeta
44478	06 22 57.59	+22 30 49.9	 2.87	Tejat Posterior	Gemini	mu
188376	19 55 50.23	-26 17 58.9	 4.70	Terebell	Sagittarius	omega
188603	19 56 56.82	-27 10 11.5	 4.54	Terebellum	Sagittarius	59
189005	19 58 57.18	-26 11 45.0	 4.84	Terebellum	Sagittarius	60
189763	20 02 39.46	-27 42 35.6	 4.43	Terebellum	Sagittarius	62
36512	05 31 55.86	-07 18 05.5	 4.62	Thabit; Tabit	Orion	upsilon
29291	04 35 33.07	-30 33 44.3	 3.81	Theemin	Eridanus	upsilon
123299	14 04 23.43	+64 22 32.9	 3.67	Thuban	Draco	alpha
128620	14 39 40.90	-60 50 06.5	-0.01	Toliman	Centaurus	alpha
10761	01 45 23.59	+09 09 27.5	 4.26	Torcularis Septentrionalis	Pisces	omicron
161096	17 43 28.38	+04 34 00.9	 2.76	Tsel'bal'raj	Ophiucus	beta
188119	19 48 10.21	+70 16 04.2	 3.84	Tyl	Draco	epsilon
172167	18 36 56.19	+38 46 58.8	 0.03	Vega	Lyra	alpha
113226	13 02 10.76	+10 57 32.8	 2.85	Vindemiatrix	Virgo	epsilon
56986	07 20 07.39	+21 58 56.4	 3.50	Wasat	Gemini	delta
39425	05 50 57.55	-35 46 09.5	 3.12	Wazn	Columba	beta
54605	07 08 23.49	-26 23 35.5	 1.83	Wezen	Canis Major	delta
146791	16 18 19.24	-04 41 33.4	 3.23	Yed Posterior	Ophiucus	epsilon
146051	16 14 20.77	-03 41 38.3	 2.73	Yed Prior	Ophiucus	delta
166205	17 32 12.90	+86 35 10.8	 4.35	Yildun	Ursa Minor	delta
107259	12 19 54.39	-00 40 00.3	 3.89	Zaniah	Virgo	eta
25025	03 58 01.73	-13 30 29.7	 2.97	Zaurak	Eridanus	gamma
102870	11 50 41.29	+01 45 55.4	 3.59	Zavijava	Virgo	beta
20320	03 15 50.03	-08 49 11.4	 4.80	Zibal	Eridanus	dzeta
97603	11 14 06.41	+20 31 26.5	 2.56	Zosma	Leo	delta
138905	15 35 31.54	-14 47 22.4	 3.91	Zuben Elakrab	Libra	gamma
132742	15 00 58.39	-08 31 08.2	 4.91	Zuben Elakribi	Libra	delta
135742	15 17 00.47	-09 22 58.3	 2.61	Zuben Elschemali; Kiffa Borealis	Libra	beta
133216	15 04 04.26	-25 16 54.7	 3.25	Zuben Hakrabi	Libra	sigma
133774	15 06 37.62	-16 15 24.3	 5.19	Zuben Hakrabi	Libra	nu
130841	14 50 52.78	-16 02 29.8	 2.75	Zubenelgenubi	Libra	alpha
